{
  "country_scores": {
    "US": 44.20151496181295,
    "GB": 44.20151496181295,
    "AU": 44.20151496181295,
    "CA": 44.20151496181295,
    "SG": 44.20151496181295,
    "NG": 44.20151496181295,
    "ZA": 44.20151496181295,
    "JP": 100.0,
    "KR": 2.651183172655565,
    "MX": 0.05295062810400233,
    "AR": 0.05295062810400233,
    "CL": 0.05295062810400233,
    "ES": 0.05295062810400233,
    "CO": 0.05295062810400233,
    "PE": 0.05295062810400233,
    "BR": 2.9798422436459244,
    "FR": 10.287028921998246,
    "DE": 8.380806310254163,
    "TW": 14.198071866783524,
    "ID": 4.4040315512708155,
    "TH": 1.1722173531989482,
    "VN": 2.8702892199824714,
    "TR": 2.6183172655565294,
    "RU": 6.441717791411043,
    "IT": 1.873356704645048,
    "PL": 1.4022787028922,
    "SA": 0.016432953549517966,
    "EG": 0.016432953549517966,
    "NL": 0.6354075372480281,
    "SE": 0.4163014899211218
  },
  "artist_country_scores": {
    "bts": {
      "US": 1019.4285714285714,
      "GB": 1019.4285714285714,
      "AU": 1019.4285714285714,
      "CA": 1019.4285714285714,
      "SG": 1019.4285714285714,
      "NG": 1019.4285714285714,
      "ZA": 1019.4285714285714,
      "JP": 58.0,
      "KR": 0.0,
      "MX": 4.833333333333333,
      "AR": 4.833333333333333,
      "CL": 4.833333333333333,
      "ES": 4.833333333333333,
      "CO": 4.833333333333333,
      "PE": 4.833333333333333,
      "BR": 0.0,
      "FR": 415.0,
      "DE": 399.0,
      "TW": 15.0,
      "ID": 191.0,
      "TH": 0.0,
      "VN": 1.0,
      "TR": 2.0,
      "RU": 0.0,
      "IT": 0.0,
      "PL": 2.0,
      "SA": 0.0,
      "EG": 0.0,
      "NL": 0.0,
      "SE": 0.0
    },
    "blackpink": {
      "US": 1047.857142857143,
      "GB": 1047.857142857143,
      "AU": 1047.857142857143,
      "CA": 1047.857142857143,
      "SG": 1047.857142857143,
      "NG": 1047.857142857143,
      "ZA": 1047.857142857143,
      "JP": 1891.0,
      "KR": 9.0,
      "MX": 0.0,
      "AR": 0.0,
      "CL": 0.0,
      "ES": 0.0,
      "CO": 0.0,
      "PE": 0.0,
      "BR": 272.0,
      "FR": 524.0,
      "DE": 366.0,
      "TW": 1281.0,
      "ID": 211.0,
      "TH": 107.0,
      "VN": 261.0,
      "TR": 237.0,
      "RU": 588.0,
      "IT": 171.0,
      "PL": 126.0,
      "SA": 1.5,
      "EG": 1.5,
      "NL": 58.0,
      "SE": 38.0
    },
    "stray-kids": {
      "US": 485.2857142857143,
      "GB": 485.2857142857143,
      "AU": 485.2857142857143,
      "CA": 485.2857142857143,
      "SG": 485.2857142857143,
      "NG": 485.2857142857143,
      "ZA": 485.2857142857143,
      "JP": 0.0,
      "KR": 8.0
    },
    "newjeans": {
      "US": 320.85714285714283,
      "GB": 320.85714285714283,
      "AU": 320.85714285714283,
      "CA": 320.85714285714283,
      "SG": 320.85714285714283,
      "NG": 320.85714285714283,
      "ZA": 320.85714285714283,
      "JP": 1074.0,
      "KR": 3.0
    },
    "aespa": {
      "US": 218.42857142857142,
      "GB": 218.42857142857142,
      "AU": 218.42857142857142,
      "CA": 218.42857142857142,
      "SG": 218.42857142857142,
      "NG": 218.42857142857142,
      "ZA": 218.42857142857142,
      "JP": 1272.0,
      "KR": 0.0
    },
    "seventeen": {
      "US": 221.57142857142858,
      "GB": 221.57142857142858,
      "AU": 221.57142857142858,
      "CA": 221.57142857142858,
      "SG": 221.57142857142858,
      "NG": 221.57142857142858,
      "ZA": 221.57142857142858,
      "JP": 788.0,
      "KR": 75.0
    },
    "twice": {
      "US": 3.4285714285714284,
      "GB": 3.4285714285714284,
      "AU": 3.4285714285714284,
      "CA": 3.4285714285714284,
      "SG": 3.4285714285714284,
      "NG": 3.4285714285714284,
      "ZA": 3.4285714285714284,
      "JP": 1219.0,
      "KR": 75.0
    },
    "txt": {
      "US": 209.42857142857142,
      "GB": 209.42857142857142,
      "AU": 209.42857142857142,
      "CA": 209.42857142857142,
      "SG": 209.42857142857142,
      "NG": 209.42857142857142,
      "ZA": 209.42857142857142,
      "JP": 0.0,
      "KR": 70.0
    },
    "ive": {
      "US": 237.28571428571428,
      "GB": 237.28571428571428,
      "AU": 237.28571428571428,
      "CA": 237.28571428571428,
      "SG": 237.28571428571428,
      "NG": 237.28571428571428,
      "ZA": 237.28571428571428,
      "JP": 1592.0,
      "KR": 0.0
    },
    "le-sserafim": {
      "US": 271.14285714285717,
      "GB": 271.14285714285717,
      "AU": 271.14285714285717,
      "CA": 271.14285714285717,
      "SG": 271.14285714285717,
      "NG": 271.14285714285717,
      "ZA": 271.14285714285717,
      "JP": 1234.0,
      "KR": 2.0
    }
  },
  "date": "20260303"
}