{
  "country_scores": {
    "AR": 66.0377358490566,
    "AU": 29.559748427672954,
    "BR": 58.490566037735846,
    "CA": 36.477987421383645,
    "CL": 66.66666666666666,
    "CO": 44.0251572327044,
    "EG": 10.691823899371068,
    "FR": 61.63522012578617,
    "DE": 28.930817610062892,
    "IN": 33.9622641509434,
    "ID": 49.056603773584904,
    "IT": 25.157232704402517,
    "JP": 36.477987421383645,
    "MY": 59.74842767295597,
    "MX": 86.16352201257861,
    "NL": 23.899371069182386,
    "NG": 28.930817610062892,
    "PE": 100.0,
    "PH": 71.69811320754717,
    "PL": 30.18867924528302,
    "RU": 19.49685534591195,
    "SA": 11.320754716981133,
    "SG": 83.64779874213836,
    "ZA": 20.125786163522015,
    "KR": 42.138364779874216,
    "ES": 47.16981132075472,
    "SE": 29.559748427672954,
    "TW": 71.06918238993711,
    "TH": 84.27672955974843,
    "TR": 21.383647798742135,
    "GB": 31.446540880503143,
    "US": 35.84905660377358,
    "VN": 38.36477987421383
  },
  "keyword_country_scores": {
    "K-pop": {
      "AR": 48,
      "AU": 8,
      "BR": 36,
      "CA": 14,
      "CL": 36,
      "CO": 30,
      "EG": 5,
      "FR": 22,
      "DE": 13,
      "IN": 9,
      "ID": 10,
      "IT": 13,
      "JP": 3,
      "MY": 8,
      "MX": 55,
      "NL": 9,
      "NG": 18,
      "PE": 74,
      "PH": 10,
      "PL": 15,
      "RU": 9,
      "SA": 4,
      "SG": 9,
      "ZA": 9,
      "KR": 18,
      "ES": 41,
      "SE": 17,
      "TW": 4,
      "TH": 5,
      "TR": 8,
      "GB": 17,
      "US": 17,
      "VN": 6
    },
    "BTS": {
      "AR": 18,
      "AU": 8,
      "BR": 17,
      "CA": 10,
      "CL": 22,
      "CO": 16,
      "EG": 5,
      "FR": 39,
      "DE": 8,
      "IN": 19,
      "ID": 12,
      "IT": 6,
      "JP": 29,
      "MY": 16,
      "MX": 33,
      "NL": 6,
      "NG": 12,
      "PE": 34,
      "PH": 23,
      "PL": 8,
      "RU": 5,
      "SA": 3,
      "SG": 28,
      "ZA": 7,
      "KR": 20,
      "ES": 8,
      "SE": 6,
      "TW": 18,
      "TH": 88,
      "TR": 4,
      "GB": 8,
      "US": 10,
      "VN": 8
    },
    "BLACKPINK": {
      "AR": 17,
      "AU": 16,
      "BR": 18,
      "CA": 17,
      "CL": 21,
      "CO": 14,
      "EG": 5,
      "FR": 24,
      "DE": 14,
      "IN": 23,
      "ID": 39,
      "IT": 12,
      "JP": 10,
      "MY": 47,
      "MX": 29,
      "NL": 13,
      "NG": 11,
      "PE": 28,
      "PH": 55,
      "PL": 16,
      "RU": 9,
      "SA": 6,
      "SG": 60,
      "ZA": 7,
      "KR": 15,
      "ES": 16,
      "SE": 12,
      "TW": 49,
      "TH": 29,
      "TR": 17,
      "GB": 13,
      "US": 13,
      "VN": 27
    },
    "Stray Kids": {
      "AR": 16,
      "AU": 6,
      "BR": 16,
      "CA": 7,
      "CL": 18,
      "CO": 7,
      "EG": 1,
      "FR": 9,
      "DE": 8,
      "IN": 1,
      "ID": 2,
      "IT": 7,
      "JP": 2,
      "MY": 5,
      "MX": 14,
      "NL": 5,
      "NG": 3,
      "PE": 15,
      "PH": 3,
      "PL": 6,
      "RU": 6,
      "SA": 1,
      "SG": 8,
      "ZA": 6,
      "KR": 3,
      "ES": 7,
      "SE": 7,
      "TW": 13,
      "TH": 2,
      "TR": 3,
      "GB": 6,
      "US": 8,
      "VN": 1
    },
    "NewJeans": {
      "AR": 6,
      "AU": 9,
      "BR": 6,
      "CA": 10,
      "CL": 9,
      "CO": 3,
      "EG": 1,
      "FR": 4,
      "DE": 3,
      "IN": 2,
      "ID": 15,
      "IT": 2,
      "JP": 14,
      "MY": 19,
      "MX": 6,
      "NL": 5,
      "NG": 2,
      "PE": 8,
      "PH": 23,
      "PL": 3,
      "RU": 2,
      "SA": 4,
      "SG": 28,
      "ZA": 3,
      "KR": 11,
      "ES": 3,
      "SE": 5,
      "TW": 29,
      "TH": 10,
      "TR": 2,
      "GB": 6,
      "US": 9,
      "VN": 19
    }
  }
}