{
  "country_scores": {
    "US": 45.45454545454545,
    "JP": 54.545454545454554,
    "BR": 18.181818181818183,
    "ID": 63.63636363636363,
    "PH": 45.45454545454545,
    "MX": 18.181818181818183,
    "TH": 72.72727272727273,
    "GB": 81.81818181818183,
    "FR": 54.545454545454554,
    "DE": 54.545454545454554,
    "IN": 9.090909090909092,
    "KR": 100.0,
    "AU": 90.9090909090909,
    "CA": 54.545454545454554,
    "TR": 27.272727272727277,
    "AR": 27.272727272727277,
    "CL": 18.181818181818183,
    "VN": 36.36363636363637,
    "MY": 63.63636363636363,
    "SG": 81.81818181818183,
    "SA": 27.272727272727277,
    "EG": 9.090909090909092,
    "NG": 18.181818181818183,
    "ZA": 0.0,
    "IT": 36.36363636363637,
    "ES": 27.272727272727277,
    "PL": 18.181818181818183,
    "RU": 27.272727272727277,
    "CO": 18.181818181818183,
    "PE": 27.272727272727277,
    "TW": 90.9090909090909,
    "SE": 63.63636363636363,
    "NL": 72.72727272727273
  },
  "artist_country_scores": {
    "ive": {
      "US": 4,
      "JP": 5,
      "BR": 1,
      "ID": 2,
      "PH": 2,
      "MX": 1,
      "TH": 4,
      "GB": 8,
      "FR": 3,
      "DE": 4,
      "KR": 3,
      "AU": 7,
      "CA": 4,
      "TR": 2,
      "AR": 2,
      "CL": 1,
      "VN": 2,
      "MY": 2,
      "SG": 5,
      "NG": 1,
      "IT": 4,
      "ES": 2,
      "PL": 1,
      "CO": 1,
      "PE": 1,
      "TW": 4,
      "SE": 6,
      "NL": 6
    },
    "blackpink": {
      "US": 1,
      "JP": 1,
      "BR": 1,
      "ID": 3,
      "PH": 3,
      "MX": 1,
      "TH": 3,
      "GB": 1,
      "FR": 3,
      "DE": 2,
      "IN": 1,
      "KR": 3,
      "AU": 3,
      "CA": 2,
      "TR": 1,
      "AR": 1,
      "CL": 1,
      "VN": 2,
      "MY": 3,
      "SG": 3,
      "SA": 3,
      "EG": 1,
      "NG": 1,
      "ES": 1,
      "PL": 1,
      "RU": 3,
      "CO": 1,
      "PE": 2,
      "TW": 3,
      "SE": 1,
      "NL": 2
    },
    "seventeen": {
      "KR": 1,
      "MY": 1,
      "TW": 1
    }
  }
}